{"v":"5.12.1","fr":30,"ip":0,"op":135,"w":800,"h":800,"nm":"Gear","ddd":0,"assets":[],"layers":[{"ddd":0,"ind":1,"ty":4,"nm":"dot 4","sr":1,"ks":{"o":{"a":0,"k":100,"ix":11},"r":{"a":0,"k":0,"ix":10},"p":{"a":0,"k":[196,596,0],"ix":2,"l":2},"a":{"a":0,"k":[0,0,0],"ix":1,"l":2},"s":{"a":1,"k":[{"i":{"x":[0.667,0.667,0.667],"y":[1,1,1]},"o":{"x":[0.333,0.333,0.333],"y":[0,0,0]},"t":0,"s":[0,0,100]},{"i":{"x":[0.667,0.667,0.667],"y":[1,1,1]},"o":{"x":[0.333,0.333,0.333],"y":[0,0,0]},"t":15,"s":[100,100,100]},{"i":{"x":[0.667,0.667,0.667],"y":[1,1,1]},"o":{"x":[0.333,0.333,0.333],"y":[0,0,0]},"t":30,"s":[0,0,100]},{"i":{"x":[0.667,0.667,0.667],"y":[1,1,1]},"o":{"x":[0.333,0.333,0.333],"y":[0,0,0]},"t":45,"s":[100,100,100]},{"i":{"x":[0.667,0.667,0.667],"y":[1,1,1]},"o":{"x":[0.333,0.333,0.333],"y":[0,0,0]},"t":60,"s":[0,0,100]},{"i":{"x":[0.667,0.667,0.667],"y":[1,1,1]},"o":{"x":[0.333,0.333,0.333],"y":[0,0,0]},"t":75,"s":[100,100,100]},{"i":{"x":[0.667,0.667,0.667],"y":[1,1,1]},"o":{"x":[0.333,0.333,0.333],"y":[0,0,0]},"t":90,"s":[0,0,100]},{"i":{"x":[0.667,0.667,0.667],"y":[1,1,1]},"o":{"x":[0.333,0.333,0.333],"y":[0,0,0]},"t":105,"s":[100,100,100]},{"t":120,"s":[0,0,100]}],"ix":6,"l":2}},"ao":0,"shapes":[{"ty":"gr","it":[{"ind":0,"ty":"sh","ix":1,"ks":{"a":0,"k":{"i":[[-6.627,0],[0,-6.627],[6.627,0],[0,6.627]],"o":[[6.627,0],[0,6.627],[-6.627,0],[0,-6.627]],"v":[[0,-12],[12,0],[0,12],[-12,0]],"c":true},"ix":2},"nm":"Path 1","mn":"ADBE Vector Shape - Group","hd":false},{"ty":"fl","c":{"a":0,"k":[0.1365,0.39,0.6435,1],"ix":4},"o":{"a":0,"k":100,"ix":5},"r":1,"bm":0,"nm":"Fill 1","mn":"ADBE Vector Graphic - Fill","hd":false},{"ty":"tr","p":{"a":0,"k":[0,0],"ix":2},"a":{"a":0,"k":[0,0],"ix":1},"s":{"a":0,"k":[100,100],"ix":3},"r":{"a":0,"k":0,"ix":6},"o":{"a":0,"k":100,"ix":7},"sk":{"a":0,"k":0,"ix":4},"sa":{"a":0,"k":0,"ix":5},"nm":"Transform"}],"nm":"dot","np":2,"cix":2,"bm":0,"ix":1,"mn":"ADBE Vector Group","hd":false}],"ip":0,"op":300,"st":0,"ct":1,"bm":0},{"ddd":0,"ind":2,"ty":4,"nm":"dot 3","sr":1,"ks":{"o":{"a":0,"k":100,"ix":11},"r":{"a":0,"k":0,"ix":10},"p":{"a":0,"k":[604,404,0],"ix":2,"l":2},"a":{"a":0,"k":[0,0,0],"ix":1,"l":2},"s":{"a":1,"k":[{"i":{"x":[0.667,0.667,0.667],"y":[1,1,1]},"o":{"x":[0.333,0.333,0.333],"y":[0,0,0]},"t":0,"s":[0,0,100]},{"i":{"x":[0.667,0.667,0.667],"y":[1,1,1]},"o":{"x":[0.333,0.333,0.333],"y":[0,0,0]},"t":15,"s":[100,100,100]},{"i":{"x":[0.667,0.667,0.667],"y":[1,1,1]},"o":{"x":[0.333,0.333,0.333],"y":[0,0,0]},"t":30,"s":[0,0,100]},{"i":{"x":[0.667,0.667,0.667],"y":[1,1,1]},"o":{"x":[0.333,0.333,0.333],"y":[0,0,0]},"t":45,"s":[100,100,100]},{"i":{"x":[0.667,0.667,0.667],"y":[1,1,1]},"o":{"x":[0.333,0.333,0.333],"y":[0,0,0]},"t":60,"s":[0,0,100]},{"i":{"x":[0.667,0.667,0.667],"y":[1,1,1]},"o":{"x":[0.333,0.333,0.333],"y":[0,0,0]},"t":75,"s":[100,100,100]},{"i":{"x":[0.667,0.667,0.667],"y":[1,1,1]},"o":{"x":[0.333,0.333,0.333],"y":[0,0,0]},"t":90,"s":[0,0,100]},{"i":{"x":[0.667,0.667,0.667],"y":[1,1,1]},"o":{"x":[0.333,0.333,0.333],"y":[0,0,0]},"t":105,"s":[100,100,100]},{"t":120,"s":[0,0,100]}],"ix":6,"l":2}},"ao":0,"shapes":[{"ty":"gr","it":[{"ind":0,"ty":"sh","ix":1,"ks":{"a":0,"k":{"i":[[-6.627,0],[0,-6.627],[6.627,0],[0,6.627]],"o":[[6.627,0],[0,6.627],[-6.627,0],[0,-6.627]],"v":[[0,-12],[12,0],[0,12],[-12,0]],"c":true},"ix":2},"nm":"Path 1","mn":"ADBE Vector Shape - Group","hd":false},{"ty":"fl","c":{"a":0,"k":[0.1365,0.39,0.6435,1],"ix":4},"o":{"a":0,"k":100,"ix":5},"r":1,"bm":0,"nm":"Fill 1","mn":"ADBE Vector Graphic - Fill","hd":false},{"ty":"tr","p":{"a":0,"k":[0,0],"ix":2},"a":{"a":0,"k":[0,0],"ix":1},"s":{"a":0,"k":[100,100],"ix":3},"r":{"a":0,"k":0,"ix":6},"o":{"a":0,"k":100,"ix":7},"sk":{"a":0,"k":0,"ix":4},"sa":{"a":0,"k":0,"ix":5},"nm":"Transform"}],"nm":"dot","np":2,"cix":2,"bm":0,"ix":1,"mn":"ADBE Vector Group","hd":false}],"ip":0,"op":300,"st":0,"ct":1,"bm":0},{"ddd":0,"ind":3,"ty":4,"nm":"dot 2","sr":1,"ks":{"o":{"a":0,"k":100,"ix":11},"r":{"a":0,"k":0,"ix":10},"p":{"a":0,"k":[620,580,0],"ix":2,"l":2},"a":{"a":0,"k":[0,0,0],"ix":1,"l":2},"s":{"a":1,"k":[{"i":{"x":[0.667,0.667,0.667],"y":[1,1,1]},"o":{"x":[0.333,0.333,0.333],"y":[0,0,0]},"t":15,"s":[0,0,100]},{"i":{"x":[0.667,0.667,0.667],"y":[1,1,1]},"o":{"x":[0.333,0.333,0.333],"y":[0,0,0]},"t":30,"s":[100,100,100]},{"i":{"x":[0.667,0.667,0.667],"y":[1,1,1]},"o":{"x":[0.333,0.333,0.333],"y":[0,0,0]},"t":45,"s":[0,0,100]},{"i":{"x":[0.667,0.667,0.667],"y":[1,1,1]},"o":{"x":[0.333,0.333,0.333],"y":[0,0,0]},"t":60,"s":[100,100,100]},{"i":{"x":[0.667,0.667,0.667],"y":[1,1,1]},"o":{"x":[0.333,0.333,0.333],"y":[0,0,0]},"t":75,"s":[0,0,100]},{"i":{"x":[0.667,0.667,0.667],"y":[1,1,1]},"o":{"x":[0.333,0.333,0.333],"y":[0,0,0]},"t":90,"s":[100,100,100]},{"i":{"x":[0.667,0.667,0.667],"y":[1,1,1]},"o":{"x":[0.333,0.333,0.333],"y":[0,0,0]},"t":105,"s":[0,0,100]},{"i":{"x":[0.667,0.667,0.667],"y":[1,1,1]},"o":{"x":[0.333,0.333,0.333],"y":[0,0,0]},"t":120,"s":[100,100,100]},{"i":{"x":[0.667,0.667,0.667],"y":[1,1,1]},"o":{"x":[0.333,0.333,0.333],"y":[0,0,0]},"t":135,"s":[0,0,100]},{"i":{"x":[0.667,0.667,0.667],"y":[1,1,1]},"o":{"x":[0.333,0.333,0.333],"y":[0,0,0]},"t":150,"s":[100,100,100]},{"i":{"x":[0.667,0.667,0.667],"y":[1,1,1]},"o":{"x":[0.333,0.333,0.333],"y":[0,0,0]},"t":165,"s":[0,0,100]},{"i":{"x":[0.667,0.667,0.667],"y":[1,1,1]},"o":{"x":[0.333,0.333,0.333],"y":[0,0,0]},"t":180,"s":[100,100,100]},{"i":{"x":[0.667,0.667,0.667],"y":[1,1,1]},"o":{"x":[0.333,0.333,0.333],"y":[0,0,0]},"t":195,"s":[0,0,100]},{"i":{"x":[0.667,0.667,0.667],"y":[1,1,1]},"o":{"x":[0.333,0.333,0.333],"y":[0,0,0]},"t":210,"s":[100,100,100]},{"i":{"x":[0.667,0.667,0.667],"y":[1,1,1]},"o":{"x":[0.333,0.333,0.333],"y":[0,0,0]},"t":225,"s":[0,0,100]},{"i":{"x":[0.667,0.667,0.667],"y":[1,1,1]},"o":{"x":[0.333,0.333,0.333],"y":[0,0,0]},"t":240,"s":[100,100,100]},{"t":255,"s":[0,0,100]}],"ix":6,"l":2}},"ao":0,"shapes":[{"ty":"gr","it":[{"ind":0,"ty":"sh","ix":1,"ks":{"a":0,"k":{"i":[[-6.627,0],[0,-6.627],[6.627,0],[0,6.627]],"o":[[6.627,0],[0,6.627],[-6.627,0],[0,-6.627]],"v":[[0,-12],[12,0],[0,12],[-12,0]],"c":true},"ix":2},"nm":"Path 1","mn":"ADBE Vector Shape - Group","hd":false},{"ty":"fl","c":{"a":0,"k":[0.8471,0.6392,0,1],"ix":4},"o":{"a":0,"k":100,"ix":5},"r":1,"bm":0,"nm":"Fill 1","mn":"ADBE Vector Graphic - Fill","hd":false},{"ty":"tr","p":{"a":0,"k":[0,0],"ix":2},"a":{"a":0,"k":[0,0],"ix":1},"s":{"a":0,"k":[100,100],"ix":3},"r":{"a":0,"k":0,"ix":6},"o":{"a":0,"k":100,"ix":7},"sk":{"a":0,"k":0,"ix":4},"sa":{"a":0,"k":0,"ix":5},"nm":"Transform"}],"nm":"dot","np":2,"cix":2,"bm":0,"ix":1,"mn":"ADBE Vector Group","hd":false}],"ip":15,"op":315,"st":15,"ct":1,"bm":0},{"ddd":0,"ind":4,"ty":4,"nm":"dot","sr":1,"ks":{"o":{"a":0,"k":100,"ix":11},"r":{"a":0,"k":0,"ix":10},"p":{"a":0,"k":[276,220,0],"ix":2,"l":2},"a":{"a":0,"k":[0,0,0],"ix":1,"l":2},"s":{"a":1,"k":[{"i":{"x":[0.667,0.667,0.667],"y":[1,1,1]},"o":{"x":[0.333,0.333,0.333],"y":[0,0,0]},"t":15,"s":[0,0,100]},{"i":{"x":[0.667,0.667,0.667],"y":[1,1,1]},"o":{"x":[0.333,0.333,0.333],"y":[0,0,0]},"t":30,"s":[100,100,100]},{"i":{"x":[0.667,0.667,0.667],"y":[1,1,1]},"o":{"x":[0.333,0.333,0.333],"y":[0,0,0]},"t":45,"s":[0,0,100]},{"i":{"x":[0.667,0.667,0.667],"y":[1,1,1]},"o":{"x":[0.333,0.333,0.333],"y":[0,0,0]},"t":60,"s":[100,100,100]},{"i":{"x":[0.667,0.667,0.667],"y":[1,1,1]},"o":{"x":[0.333,0.333,0.333],"y":[0,0,0]},"t":75,"s":[0,0,100]},{"i":{"x":[0.667,0.667,0.667],"y":[1,1,1]},"o":{"x":[0.333,0.333,0.333],"y":[0,0,0]},"t":90,"s":[100,100,100]},{"i":{"x":[0.667,0.667,0.667],"y":[1,1,1]},"o":{"x":[0.333,0.333,0.333],"y":[0,0,0]},"t":105,"s":[0,0,100]},{"i":{"x":[0.667,0.667,0.667],"y":[1,1,1]},"o":{"x":[0.333,0.333,0.333],"y":[0,0,0]},"t":120,"s":[100,100,100]},{"i":{"x":[0.667,0.667,0.667],"y":[1,1,1]},"o":{"x":[0.333,0.333,0.333],"y":[0,0,0]},"t":135,"s":[0,0,100]},{"i":{"x":[0.667,0.667,0.667],"y":[1,1,1]},"o":{"x":[0.333,0.333,0.333],"y":[0,0,0]},"t":150,"s":[100,100,100]},{"i":{"x":[0.667,0.667,0.667],"y":[1,1,1]},"o":{"x":[0.333,0.333,0.333],"y":[0,0,0]},"t":165,"s":[0,0,100]},{"i":{"x":[0.667,0.667,0.667],"y":[1,1,1]},"o":{"x":[0.333,0.333,0.333],"y":[0,0,0]},"t":180,"s":[100,100,100]},{"i":{"x":[0.667,0.667,0.667],"y":[1,1,1]},"o":{"x":[0.333,0.333,0.333],"y":[0,0,0]},"t":195,"s":[0,0,100]},{"i":{"x":[0.667,0.667,0.667],"y":[1,1,1]},"o":{"x":[0.333,0.333,0.333],"y":[0,0,0]},"t":210,"s":[100,100,100]},{"i":{"x":[0.667,0.667,0.667],"y":[1,1,1]},"o":{"x":[0.333,0.333,0.333],"y":[0,0,0]},"t":225,"s":[0,0,100]},{"i":{"x":[0.667,0.667,0.667],"y":[1,1,1]},"o":{"x":[0.333,0.333,0.333],"y":[0,0,0]},"t":240,"s":[100,100,100]},{"t":255,"s":[0,0,100]}],"ix":6,"l":2}},"ao":0,"shapes":[{"ty":"gr","it":[{"ind":0,"ty":"sh","ix":1,"ks":{"a":0,"k":{"i":[[-6.627,0],[0,-6.627],[6.627,0],[0,6.627]],"o":[[6.627,0],[0,6.627],[-6.627,0],[0,-6.627]],"v":[[0,-12],[12,0],[0,12],[-12,0]],"c":true},"ix":2},"nm":"Path 1","mn":"ADBE Vector Shape - Group","hd":false},{"ty":"fl","c":{"a":0,"k":[0.8471,0.6392,0,1],"ix":4},"o":{"a":0,"k":100,"ix":5},"r":1,"bm":0,"nm":"Fill 1","mn":"ADBE Vector Graphic - Fill","hd":false},{"ty":"tr","p":{"a":0,"k":[0,0],"ix":2},"a":{"a":0,"k":[0,0],"ix":1},"s":{"a":0,"k":[100,100],"ix":3},"r":{"a":0,"k":0,"ix":6},"o":{"a":0,"k":100,"ix":7},"sk":{"a":0,"k":0,"ix":4},"sa":{"a":0,"k":0,"ix":5},"nm":"Transform"}],"nm":"dot","np":2,"cix":2,"bm":0,"ix":1,"mn":"ADBE Vector Group","hd":false}],"ip":15,"op":315,"st":15,"ct":1,"bm":0},{"ddd":0,"ind":5,"ty":4,"nm":"gear 2","sr":1,"ks":{"o":{"a":0,"k":100,"ix":11},"r":{"a":1,"k":[{"i":{"x":[0.833],"y":[0.833]},"o":{"x":[0.167],"y":[0.167]},"t":0,"s":[0]},{"t":135,"s":[-360]}],"ix":10},"p":{"a":0,"k":[552,248,0],"ix":2,"l":2},"a":{"a":0,"k":[552,248,0],"ix":1,"l":2},"s":{"a":0,"k":[100,100,100],"ix":6,"l":2}},"ao":0,"shapes":[{"ty":"gr","it":[{"ind":0,"ty":"sh","ix":1,"ks":{"a":0,"k":{"i":[[-22.091,0],[0,-22.091],[22.091,0],[0,22.091]],"o":[[22.091,0],[0,22.091],[-22.091,0],[0,-22.091]],"v":[[0,-40],[40,0],[0,40],[-40,0]],"c":true},"ix":2},"nm":"Path 1","mn":"ADBE Vector Shape - Group","hd":false},{"ty":"fl","c":{"a":0,"k":[1,0.975,0.9,1],"ix":4},"o":{"a":0,"k":100,"ix":5},"r":1,"bm":0,"nm":"Fill 1","mn":"ADBE Vector Graphic - Fill","hd":false},{"ty":"tr","p":{"a":0,"k":[552,248],"ix":2},"a":{"a":0,"k":[0,0],"ix":1},"s":{"a":0,"k":[100,100],"ix":3},"r":{"a":0,"k":0,"ix":6},"o":{"a":0,"k":100,"ix":7},"sk":{"a":0,"k":0,"ix":4},"sa":{"a":0,"k":0,"ix":5},"nm":"Transform"}],"nm":"Group 1","np":2,"cix":2,"bm":0,"ix":1,"mn":"ADBE Vector Group","hd":false},{"ty":"gr","it":[{"ind":0,"ty":"sh","ix":1,"ks":{"a":0,"k":{"i":[[0,0],[0,0],[4.418,0],[0,0],[1.145,3.168],[1.334,2.831],[-2.368,2.386],[0,0],[3.122,3.126],[0.002,0.002],[0,0],[3.126,-3.122],[0.002,-0.002],[0,0],[3.042,1.431],[2.952,1.038],[-0.009,3.393],[0,0],[4.418,0],[0,0],[0,-4.418],[0,0],[3.168,-1.145],[2.831,-1.334],[2.386,2.368],[0,0],[3.126,-3.122],[0.002,-0.002],[0,0],[-3.122,-3.126],[-0.002,-0.002],[0,0],[1.431,-3.042],[1.038,-2.952],[3.393,0.009],[0,0],[0,-4.418],[0,0],[-4.418,0],[0,0],[-1.145,-3.168],[-1.334,-2.831],[2.368,-2.386],[0,0],[-3.122,-3.126],[-0.002,-0.002],[0,0],[-3.126,3.122],[-0.002,0.002],[0,0],[-3.042,-1.431],[-2.952,-1.038],[0.009,-3.393],[0,0],[-4.418,0],[0,0],[0,4.418],[0,0],[-3.168,1.145],[-2.831,1.334],[-2.386,-2.368],[0,0],[-3.126,3.122],[-0.002,0.002],[0,0],[3.122,3.126],[0.002,0.002],[0,0],[-1.431,3.042],[-1.038,2.952],[-3.393,-0.009],[0,0],[0,4.418]],"o":[[0,0],[0,-4.418],[0,0],[-3.368,-0.001],[-1.038,-2.952],[-1.431,-3.042],[0,0],[3.126,-3.122],[-0.002,-0.002],[0,0],[-3.122,-3.126],[-0.002,0.002],[0,0],[-2.386,2.368],[-2.831,-1.334],[-3.197,-1.137],[0,0],[0,-4.418],[0,0],[-4.418,0],[0,0],[-0.001,3.368],[-2.952,1.038],[-3.042,1.431],[0,0],[-3.122,-3.126],[-0.002,0.002],[0,0],[-3.126,3.122],[0.002,0.002],[0,0],[2.368,2.386],[-1.334,2.831],[-1.137,3.197],[0,0],[-4.418,0],[0,0],[0,4.418],[0,0],[3.368,0.001],[1.038,2.952],[1.431,3.042],[0,0],[-3.126,3.122],[0.002,0.002],[0,0],[3.122,3.126],[0.002,-0.002],[0,0],[2.386,-2.368],[2.831,1.334],[3.197,1.137],[0,0],[0,4.418],[0,0],[4.418,0],[0,0],[0.001,-3.368],[2.952,-1.038],[3.042,-1.431],[0,0],[3.122,3.126],[0.002,-0.002],[0,0],[3.126,-3.122],[-0.002,-0.002],[0,0],[-2.368,-2.386],[1.334,-2.831],[1.137,-3.197],[0,0],[4.418,0],[0,0]],"v":[[104,16],[104,-16],[96,-24],[90.48,-24],[82.96,-29.28],[79.4,-37.96],[80.96,-47],[84.96,-51],[84.966,-62.314],[84.96,-62.32],[62.36,-84.92],[51.046,-84.926],[51.04,-84.92],[47.04,-80.92],[38,-79.36],[29.32,-82.92],[24,-90.48],[24,-96],[16,-104],[-16,-104],[-24,-96],[-24,-90.48],[-29.28,-82.96],[-37.96,-79.4],[-47,-80.96],[-51,-84.96],[-62.314,-84.966],[-62.32,-84.96],[-84.92,-62.36],[-84.926,-51.046],[-84.92,-51.04],[-80.92,-47.04],[-79.36,-38],[-82.92,-29.32],[-90.48,-24],[-96,-24],[-104,-16],[-104,16],[-96,24],[-90.48,24],[-82.96,29.28],[-79.4,37.96],[-80.96,47],[-84.96,51],[-84.966,62.314],[-84.96,62.32],[-62.36,84.92],[-51.046,84.926],[-51.04,84.92],[-47.04,80.92],[-38,79.36],[-29.32,82.92],[-24,90.48],[-24,96],[-16,104],[16,104],[24,96],[24,90.48],[29.28,82.96],[37.96,79.4],[47,80.96],[51,84.96],[62.314,84.966],[62.32,84.96],[84.92,62.36],[84.926,51.046],[84.92,51.04],[80.92,47.04],[79.36,38],[82.92,29.32],[90.48,24],[96,24],[104,16]],"c":true},"ix":2},"nm":"Path 1","mn":"ADBE Vector Shape - Group","hd":false},{"ty":"fl","c":{"a":0,"k":[0.8471,0.6392,0,1],"ix":4},"o":{"a":0,"k":100,"ix":5},"r":1,"bm":0,"nm":"Fill 1","mn":"ADBE Vector Graphic - Fill","hd":false},{"ty":"tr","p":{"a":0,"k":[552,248],"ix":2},"a":{"a":0,"k":[0,0],"ix":1},"s":{"a":0,"k":[100,100],"ix":3},"r":{"a":0,"k":0,"ix":6},"o":{"a":0,"k":100,"ix":7},"sk":{"a":0,"k":0,"ix":4},"sa":{"a":0,"k":0,"ix":5},"nm":"Transform"}],"nm":"Group 2","np":2,"cix":2,"bm":0,"ix":2,"mn":"ADBE Vector Group","hd":false}],"ip":0,"op":300,"st":0,"ct":1,"bm":0},{"ddd":0,"ind":6,"ty":4,"nm":"background 2","td":1,"sr":1,"ks":{"o":{"a":0,"k":100,"ix":11},"r":{"a":0,"k":0,"ix":10},"p":{"a":0,"k":[392,408,0],"ix":2,"l":2},"a":{"a":0,"k":[0,0,0],"ix":1,"l":2},"s":{"a":0,"k":[100,100,100],"ix":6,"l":2}},"ao":0,"shapes":[{"ty":"gr","it":[{"ind":0,"ty":"sh","ix":1,"ks":{"a":0,"k":{"i":[[-136.967,0],[0,-136.967],[136.967,0],[0,136.967]],"o":[[136.967,0],[0,136.967],[-136.967,0],[0,-136.967]],"v":[[0,-248],[248,0],[0,248],[-248,0]],"c":true},"ix":2},"nm":"Path 1","mn":"ADBE Vector Shape - Group","hd":false},{"ty":"fl","c":{"a":0,"k":[1,0.975,0.9,1],"ix":4},"o":{"a":0,"k":100,"ix":5},"r":1,"bm":0,"nm":"Fill 1","mn":"ADBE Vector Graphic - Fill","hd":false},{"ty":"tr","p":{"a":0,"k":[0,0],"ix":2},"a":{"a":0,"k":[0,0],"ix":1},"s":{"a":0,"k":[100,100],"ix":3},"r":{"a":0,"k":0,"ix":6},"o":{"a":0,"k":100,"ix":7},"sk":{"a":0,"k":0,"ix":4},"sa":{"a":0,"k":0,"ix":5},"nm":"Transform"}],"nm":"background","np":2,"cix":2,"bm":0,"ix":1,"mn":"ADBE Vector Group","hd":false}],"ip":0,"op":300,"st":0,"ct":1,"bm":0},{"ddd":0,"ind":7,"ty":4,"nm":"gear","tt":1,"tp":6,"sr":1,"ks":{"o":{"a":0,"k":100,"ix":11},"r":{"a":1,"k":[{"i":{"x":[0.833],"y":[0.833]},"o":{"x":[0.167],"y":[0.167]},"t":0,"s":[0]},{"t":135,"s":[360]}],"ix":10},"p":{"a":0,"k":[335.995,455.999,0],"ix":2,"l":2},"a":{"a":0,"k":[335.995,455.999,0],"ix":1,"l":2},"s":{"a":0,"k":[100,100,100],"ix":6,"l":2}},"ao":0,"shapes":[{"ty":"gr","it":[{"ind":0,"ty":"sh","ix":1,"ks":{"a":0,"k":{"i":[[-39.764,0],[0,-39.764],[39.764,0],[0,39.764]],"o":[[39.764,0],[0,39.764],[-39.764,0],[0,-39.764]],"v":[[0,-72],[72,0],[0,72],[-72,0]],"c":true},"ix":2},"nm":"Path 1","mn":"ADBE Vector Shape - Group","hd":false},{"ty":"fl","c":{"a":0,"k":[1,0.975,0.9,1],"ix":4},"o":{"a":0,"k":100,"ix":5},"r":1,"bm":0,"nm":"Fill 1","mn":"ADBE Vector Graphic - Fill","hd":false},{"ty":"tr","p":{"a":0,"k":[336,456],"ix":2},"a":{"a":0,"k":[0,0],"ix":1},"s":{"a":0,"k":[100,100],"ix":3},"r":{"a":0,"k":0,"ix":6},"o":{"a":0,"k":100,"ix":7},"sk":{"a":0,"k":0,"ix":4},"sa":{"a":0,"k":0,"ix":5},"nm":"Transform"}],"nm":"Group 1","np":2,"cix":2,"bm":0,"ix":1,"mn":"ADBE Vector Group","hd":false},{"ty":"gr","it":[{"ind":0,"ty":"sh","ix":1,"ks":{"a":0,"k":{"i":[[-57.438,0],[0,-57.438],[57.438,0],[0,57.438]],"o":[[57.438,0],[0,57.438],[-57.438,0],[0,-57.438]],"v":[[0,-104],[104,0],[0,104],[-104,0]],"c":true},"ix":2},"nm":"Path 1","mn":"ADBE Vector Shape - Group","hd":false},{"ty":"fl","c":{"a":0,"k":[0.3,0.65,1,1],"ix":4},"o":{"a":0,"k":100,"ix":5},"r":1,"bm":0,"nm":"Fill 1","mn":"ADBE Vector Graphic - Fill","hd":false},{"ty":"tr","p":{"a":0,"k":[336,456],"ix":2},"a":{"a":0,"k":[0,0],"ix":1},"s":{"a":0,"k":[100,100],"ix":3},"r":{"a":0,"k":0,"ix":6},"o":{"a":0,"k":100,"ix":7},"sk":{"a":0,"k":0,"ix":4},"sa":{"a":0,"k":0,"ix":5},"nm":"Transform"}],"nm":"Group 2","np":2,"cix":2,"bm":0,"ix":2,"mn":"ADBE Vector Group","hd":false},{"ty":"gr","it":[{"ind":0,"ty":"sh","ix":1,"ks":{"a":0,"k":{"i":[[2.902,4.281],[3.076,1.269],[0,0],[1.71,3.203],[-0.179,2.963],[0.28,5.236],[-6.379,2.657],[0,0],[0,0],[-0.022,0.009],[3.354,8.175],[0,0],[0.606,0.888],[7.172,-2.982],[0,0],[2.423,0.145],[2.805,3.166],[3.901,3.505],[-1.905,6.064],[-0.139,0.339],[0,0],[1.596,6.013],[0.021,0.01],[4.794,2.005],[0,0],[0.007,0.003],[3.906,-6.902],[0.087,0.012],[3.507,-8.598],[6.841,0.436],[5.228,-0.292],[2.636,6.294],[1.511,2.934],[0.423,0.659],[0.096,0.168],[0.017,-0.002],[7.076,-2.95],[0,0],[0.003,-0.001],[1.529,-1.677],[0.083,-0.033],[0.021,-3.773],[-0.002,-0.153],[-0.014,-0.222],[-0.716,-1.723],[0,0],[-0.133,-1.64],[-0.003,-0.319],[0,-0.037],[3.518,-3.117],[3.505,-3.901],[6.063,1.901],[0.379,0.155],[0,0],[0,0],[4.397,-4.87],[0.731,-1.748],[0,0],[-8.105,-3.404],[0,0],[0.412,-6.825],[-0.28,-5.236],[4.969,-3.121],[0.753,-0.315],[0,0],[2.089,-1.088],[0.332,-0.198],[0.12,-0.074],[0.173,-0.119],[1.181,-1.807],[0.086,-0.135],[0.078,-0.134],[-0.001,-0.004],[-1.982,-4.831],[0,0],[0,0],[-0.003,-0.007],[-7.657,2.15],[-0.055,-0.072],[-8.56,3.6],[-4.529,-5.145],[-3.904,-3.49],[2.586,-6.314],[1.121,-4.14],[-0.045,-0.037],[-7.112,-2.927],[0,0],[-0.003,-0.001],[-3.371,8.168],[0,0],[-3.825,1.628],[-2.44,-0.147],[-5.236,0.28],[-3.228,-3.168],[-0.818,-1.952],[0,0],[0,0],[-5.56,-0.647],[-0.055,-0.006],[-0.266,-0.015],[-0.265,-0.002],[-0.058,0],[-1.972,0.809],[0,0],[-0.007,0.003],[-1.614,2.021],[2.333,5.611],[0,0],[-5.145,4.529],[-3.49,3.904],[-6.314,-2.586],[0,0],[-0.022,-0.009],[-3.409,8.152],[0,0],[0,0],[-0.003,0.007]],"o":[[-1.703,-2.583],[0,0],[-3.52,-1.451],[-1.307,-2.513],[0.28,-5.236],[-0.531,-6.89],[0,0],[0,0],[0.022,-0.009],[8.175,-3.354],[0,0],[-0.43,-1.031],[-4.16,-6.221],[0,0],[-2.335,0.996],[-4.029,-0.325],[-3.505,-3.901],[-4.894,-4.193],[0.114,-0.344],[0,0],[3.205,-7.441],[-0.021,-0.01],[-1.216,-4.668],[0,0],[-0.007,-0.003],[-7.537,-3.076],[-0.087,-0.012],[-0.594,1.047],[-2.612,6.337],[-5.229,-0.273],[-6.809,0.437],[-1.05,-3.132],[-0.33,-0.734],[-0.095,-0.169],[-0.017,0.002],[-4.212,-6.044],[0,0],[-0.003,0.001],[-2.234,0.929],[-0.083,0.033],[-2.573,2.945],[-0.002,0.153],[0.005,0.222],[0.097,1.763],[0,0],[0.657,1.577],[0.023,0.32],[0.001,0.037],[0.017,4.507],[-3.901,3.505],[-4.192,4.892],[-0.385,-0.124],[0,0],[0,0],[-6.418,-2.635],[-1.208,1.323],[0,0],[-3.345,8.13],[0,0],[6.322,2.603],[-0.28,5.236],[0.462,5.993],[-0.682,0.416],[0,0],[-3.018,1.19],[-0.35,0.175],[-0.123,0.072],[-0.178,0.113],[-1.622,1.081],[-0.09,0.133],[-0.08,0.129],[0.001,0.004],[-2.472,4.171],[0,0],[0,0],[0.003,0.007],[3.162,7.521],[0.055,0.072],[1.16,-0.32],[6.328,-2.634],[3.504,3.891],[5.124,4.506],[-1.911,3.84],[0.045,0.037],[-1.333,7.274],[0,0],[0.003,0.001],[8.168,3.371],[0,0],[1.621,-4.034],[2.166,-0.88],[5.236,0.28],[4.708,-0.363],[1.433,1.438],[0,0],[0,0],[2.311,5.532],[0.055,0.007],[0.264,0.028],[0.264,0.015],[0.057,0],[2.008,-0.006],[0,0],[0.007,-0.003],[2.552,-1.073],[3.567,-4.417],[0,0],[-2.635,-6.328],[3.891,-3.504],[4.506,-5.124],[0,0],[0.022,0.009],[8.152,3.409],[0,0],[0,0],[0.003,-0.007],[2.101,-5.148]],"v":[[177.714,32.948],[170.467,26.976],[161.558,23.328],[153.542,16.065],[151.765,7.721],[151.765,-7.999],[161.565,-23.999],[162.982,-24.603],[170.354,-27.669],[170.42,-27.696],[179.15,-48.571],[160.681,-92.892],[159.117,-95.772],[139.685,-101.639],[130.805,-97.919],[123.572,-96.666],[112.88,-102],[101.765,-113.116],[96.912,-130.054],[97.285,-131.079],[97.998,-132.807],[101.765,-150.225],[101.702,-150.254],[92.405,-160.999],[48.005,-179.279],[47.985,-179.288],[28.034,-172.362],[27.773,-172.4],[23.361,-161.878],[7.55,-152.007],[-8.148,-151.978],[-23.931,-161.765],[-27.784,-170.875],[-28.915,-172.964],[-29.191,-173.474],[-29.243,-173.469],[-48.515,-179.079],[-92.795,-160.599],[-92.803,-160.596],[-98.465,-156.602],[-98.714,-156.504],[-102.656,-146.066],[-102.652,-145.606],[-102.623,-144.942],[-101.435,-139.679],[-97.715,-130.799],[-96.538,-125.944],[-96.497,-124.985],[-96.493,-124.873],[-101.882,-112.833],[-112.998,-101.717],[-129.929,-96.862],[-131.075,-97.279],[-132.454,-97.848],[-140.094,-101.095],[-158.038,-97.006],[-160.995,-92.399],[-179.275,-47.999],[-170.675,-27.159],[-161.795,-23.519],[-151.915,-7.759],[-151.915,7.961],[-159.355,22.735],[-161.505,23.837],[-163.992,24.871],[-171.586,28.089],[-172.605,28.652],[-172.97,28.871],[-173.501,29.213],[-177.66,33.41],[-177.915,33.817],[-178.155,34.201],[-178.151,34.212],[-179.211,48.444],[-160.742,92.766],[-160.742,92.766],[-160.733,92.786],[-141.678,101.983],[-141.515,102.201],[-130.955,97.881],[-112.795,102.081],[-101.675,113.161],[-97.435,131.241],[-101.995,143.241],[-101.859,143.351],[-92.209,161.016],[-47.831,179.259],[-47.822,179.262],[-26.929,170.576],[-23.28,161.666],[-14.695,152.915],[-7.715,151.761],[8.005,151.761],[20.444,156.298],[23.87,161.411],[26.415,167.532],[27.605,170.481],[40.534,180.201],[40.699,180.226],[41.495,180.273],[42.286,180.316],[42.459,180.309],[48.477,179.117],[92.799,160.648],[92.819,160.639],[99.112,155.888],[101.445,139.681],[97.725,130.801],[101.925,112.641],[113.005,101.521],[131.085,97.281],[140.005,100.961],[140.071,100.988],[161.005,92.401],[179.285,48.001],[179.285,48.001],[179.294,47.98]],"c":true},"ix":2},"nm":"Path 1","mn":"ADBE Vector Shape - Group","hd":false},{"ty":"fl","c":{"a":0,"k":[0.2,0.2353,0.2706,1],"ix":4},"o":{"a":0,"k":100,"ix":5},"r":1,"bm":0,"nm":"Fill 1","mn":"ADBE Vector Graphic - Fill","hd":false},{"ty":"tr","p":{"a":0,"k":[335.995,455.999],"ix":2},"a":{"a":0,"k":[0,0],"ix":1},"s":{"a":0,"k":[100,100],"ix":3},"r":{"a":0,"k":0,"ix":6},"o":{"a":0,"k":100,"ix":7},"sk":{"a":0,"k":0,"ix":4},"sa":{"a":0,"k":0,"ix":5},"nm":"Transform"}],"nm":"Group 3","np":2,"cix":2,"bm":0,"ix":3,"mn":"ADBE Vector Group","hd":false}],"ip":0,"op":300,"st":0,"ct":1,"bm":0},{"ddd":0,"ind":8,"ty":4,"nm":"background","sr":1,"ks":{"o":{"a":0,"k":100,"ix":11},"r":{"a":0,"k":0,"ix":10},"p":{"a":0,"k":[392,408,0],"ix":2,"l":2},"a":{"a":0,"k":[0,0,0],"ix":1,"l":2},"s":{"a":0,"k":[100,100,100],"ix":6,"l":2}},"ao":0,"shapes":[{"ty":"gr","it":[{"ind":0,"ty":"sh","ix":1,"ks":{"a":0,"k":{"i":[[-136.967,0],[0,-136.967],[136.967,0],[0,136.967]],"o":[[136.967,0],[0,136.967],[-136.967,0],[0,-136.967]],"v":[[0,-248],[248,0],[0,248],[-248,0]],"c":true},"ix":2},"nm":"Path 1","mn":"ADBE Vector Shape - Group","hd":false},{"ty":"fl","c":{"a":0,"k":[1,0.975,0.9,1],"ix":4},"o":{"a":0,"k":100,"ix":5},"r":1,"bm":0,"nm":"Fill 1","mn":"ADBE Vector Graphic - Fill","hd":false},{"ty":"tr","p":{"a":0,"k":[0,0],"ix":2},"a":{"a":0,"k":[0,0],"ix":1},"s":{"a":0,"k":[100,100],"ix":3},"r":{"a":0,"k":0,"ix":6},"o":{"a":0,"k":100,"ix":7},"sk":{"a":0,"k":0,"ix":4},"sa":{"a":0,"k":0,"ix":5},"nm":"Transform"}],"nm":"background","np":2,"cix":2,"bm":0,"ix":1,"mn":"ADBE Vector Group","hd":false}],"ip":0,"op":300,"st":0,"ct":1,"bm":0}],"markers":[],"props":{}}