{"v":"5.5.1","fr":30,"ip":0,"op":31,"w":128,"h":128,"nm":"Home","ddd":0,"assets":[],"layers":[{"ddd":0,"ind":3,"ty":4,"nm":"Home Outlines","sr":1,"ks":{"o":{"a":0,"k":100,"ix":11},"r":{"a":0,"k":0,"ix":10},"p":{"a":0,"k":[63.989,63.896,0],"ix":2},"a":{"a":0,"k":[54.5,48,0],"ix":1},"s":{"a":0,"k":[100,100,100],"ix":6}},"ao":0,"shapes":[{"ty":"gr","it":[{"ind":0,"ty":"sh","ix":1,"ks":{"a":0,"k":{"i":[[0,0],[-7.404,6.262],[0,0],[0,0],[0,0],[0,0]],"o":[[0,0],[0,0],[0,0],[8.574,6.187],[0,0],[0,0]],"v":[[-54.176,21.122],[-43.376,21.122],[0.885,-16.325],[42.389,20.887],[54.176,20.887],[0.885,-27.383]],"c":true},"ix":2},"nm":"Path 1","mn":"ADBE Vector Shape - Group","hd":false},{"ty":"fl","c":{"a":0,"k":[0.2,0.2353,0.2706,1],"ix":4},"o":{"a":0,"k":100,"ix":5},"r":1,"bm":0,"nm":"Fill 1","mn":"ADBE Vector Graphic - Fill","hd":false},{"ty":"tr","p":{"a":1,"k":[{"i":{"x":0.667,"y":1},"o":{"x":0.333,"y":0},"t":10,"s":[54.511,8.488],"to":[0,-1.667],"ti":[0,1.667]},{"i":{"x":0.667,"y":0.667},"o":{"x":0.333,"y":0.333},"t":15,"s":[54.511,-1.512],"to":[0,0],"ti":[0,0]},{"i":{"x":0.667,"y":1},"o":{"x":0.333,"y":0},"t":20,"s":[54.511,-1.512],"to":[0,0.917],"ti":[0,-1.667]},{"i":{"x":0.667,"y":1},"o":{"x":0.333,"y":0},"t":25,"s":[54.511,3.988],"to":[0,1.667],"ti":[0,-0.75]},{"t":30,"s":[54.511,8.488]}],"ix":2},"a":{"a":0,"k":[0,-19],"ix":1},"s":{"a":0,"k":[100,100],"ix":3},"r":{"a":1,"k":[{"i":{"x":[0.833],"y":[0.833]},"o":{"x":[0.167],"y":[0.167]},"t":15,"s":[0]},{"i":{"x":[0.833],"y":[0.833]},"o":{"x":[0.167],"y":[0.167]},"t":20,"s":[5]},{"i":{"x":[0.833],"y":[0.833]},"o":{"x":[0.167],"y":[0.167]},"t":25,"s":[-5]},{"t":30,"s":[0]}],"ix":6},"o":{"a":0,"k":100,"ix":7},"sk":{"a":0,"k":0,"ix":4},"sa":{"a":0,"k":0,"ix":5},"nm":"Transform"}],"nm":"Group 1","np":2,"cix":2,"bm":0,"ix":1,"mn":"ADBE Vector Group","hd":false},{"ty":"gr","it":[{"ind":0,"ty":"sh","ix":1,"ks":{"a":1,"k":[{"i":{"x":0.833,"y":1},"o":{"x":0.333,"y":0},"t":0,"s":[{"i":[[0,0],[-2.37,0],[0,0],[0,0],[-3.581,0],[0,0],[0,0],[0,0],[0,0],[0,0],[0,0],[0,0],[0,0],[0,0],[0,0],[0,0],[0,0],[0,0]],"o":[[0,0],[2.938,0],[0,0],[0,0],[0,0],[4.233,0],[0,0],[0,0],[0,0],[3.009,0],[0,0],[0,0],[0,0],[0,0],[0,0],[0,0],[0,0],[0,0]],"v":[[-38.863,36.583],[-36.587,39.003],[-9.278,38.967],[-9.239,16.59],[-6.043,12.902],[5.289,12.902],[9.262,16.59],[9.22,38.904],[9.592,38.904],[35.948,38.904],[38.816,35.885],[38.816,-5.006],[38.816,-5.215],[38.816,-5.375],[1.138,-38.898],[-38.863,-5.375],[-38.863,-5.218],[-38.863,-5.066]],"c":true}]},{"i":{"x":0.667,"y":1},"o":{"x":0.167,"y":0},"t":5,"s":[{"i":[[0,0],[-2.37,0],[0,0],[0,0],[-3.581,0],[0,0],[0,0],[0,0],[0,0],[0,0],[0,0],[6.841,12.587],[0.356,0.496],[0,0],[0,0],[0,0],[1.402,-2.36],[0.298,-0.597]],"o":[[0,0],[2.938,0],[0,0],[0,0],[0,0],[4.233,0],[0,0],[0,0],[0,0],[3.009,0],[0,0],[-0.298,-0.549],[-0.767,-1.07],[0,0],[0,0],[0,0],[-0.345,0.58],[-8.162,16.388]],"v":[[-38.863,36.583],[-36.587,39.003],[-9.278,38.967],[-9.239,16.59],[-6.043,12.902],[5.289,12.902],[9.262,16.59],[9.22,38.904],[9.592,38.904],[35.948,38.904],[38.816,35.885],[39.797,-2.303],[38.816,-3.872],[38.816,-5.375],[1.265,-28.398],[-38.863,-5.375],[-38.863,-3.872],[-39.826,-2.105]],"c":true}]},{"i":{"x":0.667,"y":1},"o":{"x":0.333,"y":0},"t":10,"s":[{"i":[[0,0],[-1.856,-1.474],[0,0],[0,0],[-3.581,0],[0,0],[0,0],[0,0],[-1.252,-0.696],[0,0],[0,0],[0,0],[0,0],[0,0],[0,0],[0,0],[0,0],[0,0]],"o":[[0,0],[10.547,8.375],[0,0],[0,0],[0,0],[4.233,0],[0,0],[0,0],[15.25,8.474],[3.012,-1.401],[0,0],[0,0],[0,0],[0,0],[0,0],[0,0],[0,0],[0,0]],"v":[[-38.863,36.583],[-36.587,39.003],[-9.278,38.967],[-9.239,16.59],[-6.043,12.902],[5.289,12.902],[9.262,16.59],[9.22,38.904],[10.085,38.904],[35.948,38.904],[38.816,35.885],[38.816,-5.006],[38.816,-5.215],[38.816,-5.375],[1.138,-38.898],[-38.863,-5.375],[-38.863,-5.218],[-38.863,-5.066]],"c":true}]},{"i":{"x":0.667,"y":1},"o":{"x":0.333,"y":0},"t":15,"s":[{"i":[[0,0],[-2.232,0.797],[0,0],[0,0],[-3.581,0],[0,0],[0,0],[0,0],[-1.382,0.376],[0,0],[0,0],[6.394,9.875],[0,0],[0,0],[0,0],[0,0],[0,0],[1.25,-1.872]],"o":[[0,0],[11.547,-4.125],[0,0],[0,0],[0,0],[4.233,0],[0,0],[0,0],[15.25,-4.151],[3.012,-1.401],[0,0],[-1.157,-1.787],[0,0],[0,0],[0,0],[0,0],[0,0],[-8.427,12.625]],"v":[[-38.863,36.583],[-36.587,39.003],[-9.278,38.967],[-9.239,16.59],[-6.043,12.902],[5.289,12.902],[9.262,16.59],[9.22,38.904],[10.085,38.904],[35.948,38.904],[38.816,35.885],[38.941,-4.372],[38.816,-5.215],[38.816,-5.375],[1.138,-38.898],[-38.863,-5.375],[-38.863,-5.218],[-38.863,-4.622]],"c":true}]},{"t":20,"s":[{"i":[[0,0],[-2.37,0],[0,0],[0,0],[-3.581,0],[0,0],[0,0],[0,0],[0,0],[0,0],[0,0],[0,0],[0,0],[0,0],[0,0],[0,0],[0,0],[0,0]],"o":[[0,0],[2.938,0],[0,0],[0,0],[0,0],[4.233,0],[0,0],[0,0],[0,0],[3.009,0],[0,0],[0,0],[0,0],[0,0],[0,0],[0,0],[0,0],[0,0]],"v":[[-38.863,36.583],[-36.587,39.003],[-9.278,38.967],[-9.239,16.59],[-6.043,12.902],[5.289,12.902],[9.262,16.59],[9.22,38.904],[9.592,38.904],[35.948,38.904],[38.816,35.885],[38.816,-5.006],[38.816,-5.215],[38.816,-5.375],[1.138,-38.898],[-38.863,-5.375],[-38.863,-5.218],[-38.863,-5.066]],"c":true}]}],"ix":2},"nm":"Path 1","mn":"ADBE Vector Shape - Group","hd":false},{"ty":"fl","c":{"a":0,"k":[0.2,0.2353,0.2706,1],"ix":4},"o":{"a":0,"k":100,"ix":5},"r":1,"bm":0,"nm":"Fill 1","mn":"ADBE Vector Graphic - Fill","hd":false},{"ty":"tr","p":{"a":1,"k":[{"i":{"x":0.667,"y":0.667},"o":{"x":0.333,"y":0.333},"t":0,"s":[54.427,21.102],"to":[0,0],"ti":[0,0]},{"i":{"x":0.667,"y":1},"o":{"x":0.333,"y":0},"t":5,"s":[54.427,21.102],"to":[0,-1],"ti":[0,0]},{"i":{"x":0.667,"y":1},"o":{"x":0.333,"y":0},"t":10,"s":[54.427,15.102],"to":[0,0],"ti":[0,-1]},{"t":15,"s":[54.427,21.102]}],"ix":2},"a":{"a":0,"k":[0,-36],"ix":1},"s":{"a":0,"k":[100,100],"ix":3},"r":{"a":0,"k":0,"ix":6},"o":{"a":0,"k":100,"ix":7},"sk":{"a":0,"k":0,"ix":4},"sa":{"a":0,"k":0,"ix":5},"nm":"Transform"}],"nm":"Group 2","np":2,"cix":2,"bm":0,"ix":2,"mn":"ADBE Vector Group","hd":false}],"ip":0,"op":153,"st":0,"bm":0}],"markers":[]}